type,prev_sibling_html_tag,child_1_html_tag,child_2_html_tag,predicted_tag,width,height,sibling_count,has_background_color,border_radius,aspect_ratio,child_1_percentage_of_parent,child_2_percentage_of_parent,distinct_background,center_of_weight_diff,is_verb,has_placeholder,nearest_text_node_dist,confidence
GROUP,P,P,P,DIV,0.13541666666666666,0.2916666666666667,4,0,0,13.928571428571429,0.3333333333333333,0.4205128205128205,0,0.014233385661957062,0.5,0,1.0815432824864761,0.9705209732055664
type,prev_sibling_html_tag,child_1_html_tag,child_2_html_tag,predicted_tag,width,height,sibling_count,has_background_color,border_radius,aspect_ratio,child_1_percentage_of_parent,child_2_percentage_of_parent,distinct_background,center_of_weight_diff,is_verb,has_placeholder,nearest_text_node_dist,confidence
FRAME,,P,,BUTTON,0.06593055725097656,1.0,1,1,8.0,1.9779167175292969,0.14746155087409363,0,0,0.057615347377719145,0.5,0,0.08117744341382026,0.9966187477111816
type,prev_sibling_html_tag,child_1_html_tag,child_2_html_tag,predicted_tag,width,height,sibling_count,has_background_color,border_radius,aspect_ratio,child_1_percentage_of_parent,child_2_percentage_of_parent,distinct_background,center_of_weight_diff,is_verb,has_placeholder,nearest_text_node_dist,confidence
FRAME,BUTTON,P,,BUTTON,0.1015000025431315,1.0,1,1,8.0,3.0450000762939453,0.17760216668674586,0,0,0.072386436548766,0.0,0,0.1264331950390276,0.9576292037963867
type,prev_sibling_html_tag,child_1_html_tag,child_2_html_tag,predicted_tag,width,height,sibling_count,has_background_color,border_radius,aspect_ratio,child_1_percentage_of_parent,child_2_percentage_of_parent,distinct_background,center_of_weight_diff,is_verb,has_placeholder,nearest_text_node_dist,confidence
GROUP,P,BUTTON,BUTTON,DIV,0.1785419676038954,1.0,4,0,0,5.356259028116862,0.3692720436309233,0.5684938051557409,0,0.006610603941146169,0,0,0.40418143432306863,0.9999728202819824
type,prev_sibling_html_tag,child_1_html_tag,child_2_html_tag,predicted_tag,width,height,sibling_count,has_background_color,border_radius,aspect_ratio,child_1_percentage_of_parent,child_2_percentage_of_parent,distinct_background,center_of_weight_diff,is_verb,has_placeholder,nearest_text_node_dist,confidence
GROUP,,P,P,DIV,0.9444450166490342,0.04835054142533367,3,0,0,28.333350499471027,0.01415440318906703,0.0184436162766631,0,0.18887972587796717,0.5,0,0.4970288056123877,1.0
type,prev_sibling_html_tag,child_1_html_tag,child_2_html_tag,predicted_tag,width,height,sibling_count,has_background_color,border_radius,aspect_ratio,child_1_percentage_of_parent,child_2_percentage_of_parent,distinct_background,center_of_weight_diff,is_verb,has_placeholder,nearest_text_node_dist,confidence
FRAME,,P,,BUTTON,0.08177083333333333,1.0,5,1,0,2.264423076923077,0.20578147966683,0,1,0.0008459394904458599,0.0,0,0.01297065643126192,0.6807628870010376
type,prev_sibling_html_tag,child_1_html_tag,child_2_html_tag,predicted_tag,width,height,sibling_count,has_background_color,border_radius,aspect_ratio,child_1_percentage_of_parent,child_2_percentage_of_parent,distinct_background,center_of_weight_diff,is_verb,has_placeholder,nearest_text_node_dist,confidence
FRAME,BUTTON,P,,BUTTON,0.08622222476535374,1.0,5,1,0,2.387692378117488,0.22303726542784175,0,0,0.0008028806862522198,0.0,0,0.012631496156047943,0.9978877902030945
type,prev_sibling_html_tag,child_1_html_tag,child_2_html_tag,predicted_tag,width,height,sibling_count,has_background_color,border_radius,aspect_ratio,child_1_percentage_of_parent,child_2_percentage_of_parent,distinct_background,center_of_weight_diff,is_verb,has_placeholder,nearest_text_node_dist,confidence
FRAME,,P,,BUTTON,0.08059027989705404,1.0,1,1,0,2.2317308279184194,0.21542438037550163,0,0,0.0008616843730412903,1.0,0,0.013065810931945067,0.9999986886978149
type,prev_sibling_html_tag,child_1_html_tag,child_2_html_tag,predicted_tag,width,height,sibling_count,has_background_color,border_radius,aspect_ratio,child_1_percentage_of_parent,child_2_percentage_of_parent,distinct_background,center_of_weight_diff,is_verb,has_placeholder,nearest_text_node_dist,confidence
FRAME,BUTTON,P,,BUTTON,0.0874444431728787,1.0,1,1,0,2.4215384263258715,0.2229742970552828,0,0,0.0007907499164171703,0.0,0,0.012542769580948642,0.9978340268135071
type,prev_sibling_html_tag,child_1_html_tag,child_2_html_tag,predicted_tag,width,height,sibling_count,has_background_color,border_radius,aspect_ratio,child_1_percentage_of_parent,child_2_percentage_of_parent,distinct_background,center_of_weight_diff,is_verb,has_placeholder,nearest_text_node_dist,confidence
GROUP,BUTTON,BUTTON,BUTTON,DIV,0.17497902976142035,1.0,5,0,0,4.845573131854717,0.46057107532792313,0.4997424165176082,0,0.0008094095130115753,0,0,0.5516264815760965,0.9999520778656006
type,prev_sibling_html_tag,child_1_html_tag,child_2_html_tag,predicted_tag,width,height,sibling_count,has_background_color,border_radius,aspect_ratio,child_1_percentage_of_parent,child_2_percentage_of_parent,distinct_background,center_of_weight_diff,is_verb,has_placeholder,nearest_text_node_dist,confidence
FRAME,DIV,P,,BUTTON,0.06676388846503364,1.0,5,1,0,1.8488461421086237,0.19202765320098647,0,0,0.0010393403454352428,0.0,0,0.014355014502516429,0.8537739515304565
type,prev_sibling_html_tag,child_1_html_tag,child_2_html_tag,predicted_tag,width,height,sibling_count,has_background_color,border_radius,aspect_ratio,child_1_percentage_of_parent,child_2_percentage_of_parent,distinct_background,center_of_weight_diff,is_verb,has_placeholder,nearest_text_node_dist,confidence
FRAME,,P,,BUTTON,0.05479861365424262,1.0,1,1,0,1.5175000704251802,0.1608453567770169,0,0,0.0012632830353444665,0.0,0,0.015844538771176926,0.9298171997070312
type,prev_sibling_html_tag,child_1_html_tag,child_2_html_tag,predicted_tag,width,height,sibling_count,has_background_color,border_radius,aspect_ratio,child_1_percentage_of_parent,child_2_percentage_of_parent,distinct_background,center_of_weight_diff,is_verb,has_placeholder,nearest_text_node_dist,confidence
FRAME,BUTTON,P,,BUTTON,0.1176319440205892,1.0,1,1,0,3.25749998826247,0.24976499474666014,0,0,0.000589894211794227,0.0,0,0.010814634061788774,0.9970640540122986
type,prev_sibling_html_tag,child_1_html_tag,child_2_html_tag,predicted_tag,width,height,sibling_count,has_background_color,border_radius,aspect_ratio,child_1_percentage_of_parent,child_2_percentage_of_parent,distinct_background,center_of_weight_diff,is_verb,has_placeholder,nearest_text_node_dist,confidence
GROUP,BUTTON,BUTTON,BUTTON,DIV,0.1793744299146864,1.0,5,0,0,4.967291905329778,0.30549846865189084,0.6557899254455442,0,0.007053213639993594,0,0,0.38462303519076113,0.9999779462814331
type,prev_sibling_html_tag,child_1_html_tag,child_2_html_tag,predicted_tag,width,height,sibling_count,has_background_color,border_radius,aspect_ratio,child_1_percentage_of_parent,child_2_percentage_of_parent,distinct_background,center_of_weight_diff,is_verb,has_placeholder,nearest_text_node_dist,confidence
FRAME,,P,,BUTTON,0.0962569448682997,1.0,1,1,0,2.665576934814453,0.23308341508859015,0,0,0.0007234191752592073,0.0,0,0.011955655159760274,0.88395756483078
type,prev_sibling_html_tag,child_1_html_tag,child_2_html_tag,predicted_tag,width,height,sibling_count,has_background_color,border_radius,aspect_ratio,child_1_percentage_of_parent,child_2_percentage_of_parent,distinct_background,center_of_weight_diff,is_verb,has_placeholder,nearest_text_node_dist,confidence
FRAME,BUTTON,P,,BUTTON,0.09851388931274414,1.0,1,1,0,2.728076934814453,0.23587719101628682,0,0,0.0007068457062793908,0.0,0,0.011817910177695628,0.9975935816764832
type,prev_sibling_html_tag,child_1_html_tag,child_2_html_tag,predicted_tag,width,height,sibling_count,has_background_color,border_radius,aspect_ratio,child_1_percentage_of_parent,child_2_percentage_of_parent,distinct_background,center_of_weight_diff,is_verb,has_placeholder,nearest_text_node_dist,confidence
GROUP,DIV,BUTTON,BUTTON,DIV,0.20171484417385524,1.0,5,0,0,5.585949530968299,0.47719316474962625,0.48838195184007566,0,0.00019945247369819344,0,0,0.605546655232821,0.999998927116394
type,prev_sibling_html_tag,child_1_html_tag,child_2_html_tag,predicted_tag,width,height,sibling_count,has_background_color,border_radius,aspect_ratio,child_1_percentage_of_parent,child_2_percentage_of_parent,distinct_background,center_of_weight_diff,is_verb,has_placeholder,nearest_text_node_dist,confidence
GROUP,,BUTTON,BUTTON,DIV,0.8255483945210774,0.09285714285714286,3,0,0,22.8613401559683,0.09905032082434218,0.1044423626011332,0,0.004100208590090805,0,0,0.09000269677884418,0.9999996423721313
type,prev_sibling_html_tag,child_1_html_tag,child_2_html_tag,predicted_tag,width,height,sibling_count,has_background_color,border_radius,aspect_ratio,child_1_percentage_of_parent,child_2_percentage_of_parent,distinct_background,center_of_weight_diff,is_verb,has_placeholder,nearest_text_node_dist,confidence
FRAME,P,ICON,P,INPUT,0.4166666666666667,0.23232540303643068,2,1,0,10.344827586206897,0.006997274640380369,0.021149425287356322,1,0.38747835430500205,0.0,0,0.49141120342700745,0.9973251819610596
type,prev_sibling_html_tag,child_1_html_tag,child_2_html_tag,predicted_tag,width,height,sibling_count,has_background_color,border_radius,aspect_ratio,child_1_percentage_of_parent,child_2_percentage_of_parent,distinct_background,center_of_weight_diff,is_verb,has_placeholder,nearest_text_node_dist,confidence
GROUP,DIV,P,P,DIV,0.41805555555555557,0.4458032880510603,3,0,0,2.411377459102263,0.22143972428263295,0.22431418224207098,0,6.187143416550604e-05,0.0,0,0.004733184078647483,0.8448957800865173
type,prev_sibling_html_tag,child_1_html_tag,child_2_html_tag,predicted_tag,width,height,sibling_count,has_background_color,border_radius,aspect_ratio,child_1_percentage_of_parent,child_2_percentage_of_parent,distinct_background,center_of_weight_diff,is_verb,has_placeholder,nearest_text_node_dist,confidence
FRAME,P,P,,BUTTON,0.0883263905843099,1.0,4,0,0,4.239666748046875,0.42456167122786764,0,0,0.0007886726737275305,0.0,0,0.0017857997140998717,0.6679918766021729
type,prev_sibling_html_tag,child_1_html_tag,child_2_html_tag,predicted_tag,width,height,sibling_count,has_background_color,border_radius,aspect_ratio,child_1_percentage_of_parent,child_2_percentage_of_parent,distinct_background,center_of_weight_diff,is_verb,has_placeholder,nearest_text_node_dist,confidence
FRAME,BUTTON,P,,BUTTON,0.03674305544959174,1.0,4,0,0,1.7636666615804037,0.22680022745429915,0,0,0.0018840970814862164,0.0,0,0.0027531368280767836,0.9983799457550049
type,prev_sibling_html_tag,child_1_html_tag,child_2_html_tag,predicted_tag,width,height,sibling_count,has_background_color,border_radius,aspect_ratio,child_1_percentage_of_parent,child_2_percentage_of_parent,distinct_background,center_of_weight_diff,is_verb,has_placeholder,nearest_text_node_dist,confidence
FRAME,BUTTON,P,,BUTTON,0.04461805555555556,1.0,4,0,0,2.1416666666666666,0.2905317769130999,0,0,0.00155034046692607,0.0,0,0.002496608215874802,0.9982373714447021
type,prev_sibling_html_tag,child_1_html_tag,child_2_html_tag,predicted_tag,width,height,sibling_count,has_background_color,border_radius,aspect_ratio,child_1_percentage_of_parent,child_2_percentage_of_parent,distinct_background,center_of_weight_diff,is_verb,has_placeholder,nearest_text_node_dist,confidence
FRAME,,P,,BUTTON,0.08493055767483182,1.0,2,0,0,4.076666768391927,0.41973288677359133,0,0,0.0008176489912169014,0.0,0,0.0018159870210210588,0.8111509680747986
type,prev_sibling_html_tag,child_1_html_tag,child_2_html_tag,predicted_tag,width,height,sibling_count,has_background_color,border_radius,aspect_ratio,child_1_percentage_of_parent,child_2_percentage_of_parent,distinct_background,center_of_weight_diff,is_verb,has_placeholder,nearest_text_node_dist,confidence
FRAME,BUTTON,P,,BUTTON,0.06878472434149849,1.0,2,0,0,3.301666768391927,0.38364461210711315,0,0,0.0010095756793550054,0.0,0,0.002017895694424348,0.9965164661407471
type,prev_sibling_html_tag,child_1_html_tag,child_2_html_tag,predicted_tag,width,height,sibling_count,has_background_color,border_radius,aspect_ratio,child_1_percentage_of_parent,child_2_percentage_of_parent,distinct_background,center_of_weight_diff,is_verb,has_placeholder,nearest_text_node_dist,confidence
FRAME,BUTTON,P,,BUTTON,0.078138886557685,1.0,2,0,0,3.75066655476888,0.40881622264814177,0,0,0.0008918702804901011,0.0,0,0.0018993698747728671,0.9955553412437439
type,prev_sibling_html_tag,child_1_html_tag,child_2_html_tag,predicted_tag,width,height,sibling_count,has_background_color,border_radius,aspect_ratio,child_1_percentage_of_parent,child_2_percentage_of_parent,distinct_background,center_of_weight_diff,is_verb,has_placeholder,nearest_text_node_dist,confidence
GROUP,BUTTON,BUTTON,BUTTON,DIV,0.252687226401435,1.0,4,0,0,12.12898686726888,0.3361094222464009,0.27221290652904906,0,0.0012075398558697684,0,0,0.047856023902646413,0.9997265934944153
type,prev_sibling_html_tag,child_1_html_tag,child_2_html_tag,predicted_tag,width,height,sibling_count,has_background_color,border_radius,aspect_ratio,child_1_percentage_of_parent,child_2_percentage_of_parent,distinct_background,center_of_weight_diff,is_verb,has_placeholder,nearest_text_node_dist,confidence
GROUP,DIV,P,BUTTON,DIV,0.5334862444135878,0.05357142857142857,3,0,0,25.607339731852214,0.06942453985434702,0.16556451362939817,0,0.04439796282275036,0.5,0,0.1765016036238854,0.999998927116394
type,prev_sibling_html_tag,child_1_html_tag,child_2_html_tag,predicted_tag,width,height,sibling_count,has_background_color,border_radius,aspect_ratio,child_1_percentage_of_parent,child_2_percentage_of_parent,distinct_background,center_of_weight_diff,is_verb,has_placeholder,nearest_text_node_dist,confidence
FRAME,DIV,DIV,DIV,DIV,1.0,0.5640896499622261,3,1,0,2.5714285714285716,0.07665806520552862,0.18637054125467936,0,0.0019526698376807871,0,0,0.005958559011814279,0.9993118047714233
type,prev_sibling_html_tag,child_1_html_tag,child_2_html_tag,predicted_tag,width,height,sibling_count,has_background_color,border_radius,aspect_ratio,child_1_percentage_of_parent,child_2_percentage_of_parent,distinct_background,center_of_weight_diff,is_verb,has_placeholder,nearest_text_node_dist,confidence
FRAME,DROPDOWN,ICON,P,INPUT,0.06296522352430556,1.0,1,1,8.0,2.266748046875,0.04659759171100532,0.17646425263339294,0,0.03795421885921554,0.0,0,0.17252378313736613,0.9445861577987671
type,prev_sibling_html_tag,child_1_html_tag,child_2_html_tag,predicted_tag,width,height,sibling_count,has_background_color,border_radius,aspect_ratio,child_1_percentage_of_parent,child_2_percentage_of_parent,distinct_background,center_of_weight_diff,is_verb,has_placeholder,nearest_text_node_dist,confidence
GROUP,DIV,DROPDOWN,INPUT,DIV,0.9,0.040292117854444726,3,0,0,32.4,0.09567901234567901,0.06996135947145062,0,0.0647721659112404,0,0,0.6780486531864504,0.999993085861206
type,prev_sibling_html_tag,child_1_html_tag,child_2_html_tag,predicted_tag,width,height,sibling_count,has_background_color,border_radius,aspect_ratio,child_1_percentage_of_parent,child_2_percentage_of_parent,distinct_background,center_of_weight_diff,is_verb,has_placeholder,nearest_text_node_dist,confidence
FRAME,,,,CARD,0.20625,1.0,0,0,8.0,1.3333333333333333,0,0,0,0.0,0,0,0.6076983973857303,0.9186606407165527
type,prev_sibling_html_tag,child_1_html_tag,child_2_html_tag,predicted_tag,width,height,sibling_count,has_background_color,border_radius,aspect_ratio,child_1_percentage_of_parent,child_2_percentage_of_parent,distinct_background,center_of_weight_diff,is_verb,has_placeholder,nearest_text_node_dist,confidence
GROUP,ICON,ICON,P,DIV,0.025694444444444443,0.6666666666666666,4,0,0,2.3125,0.43243243243243246,0.4594594594594595,0,0.0016380016380016845,0.0,0,0.41140811825873047,0.7063118815422058
type,prev_sibling_html_tag,child_1_html_tag,child_2_html_tag,predicted_tag,width,height,sibling_count,has_background_color,border_radius,aspect_ratio,child_1_percentage_of_parent,child_2_percentage_of_parent,distinct_background,center_of_weight_diff,is_verb,has_placeholder,nearest_text_node_dist,confidence
GROUP,DIV,ICON,P,DIV,0.027083333333333334,0.6666666666666666,4,0,0,2.4375,0.41025641025641024,0.48717948717948717,0,0.004395604395604562,0.0,0,0.40072038380730807,0.9894812107086182
type,prev_sibling_html_tag,child_1_html_tag,child_2_html_tag,predicted_tag,width,height,sibling_count,has_background_color,border_radius,aspect_ratio,child_1_percentage_of_parent,child_2_percentage_of_parent,distinct_background,center_of_weight_diff,is_verb,has_placeholder,nearest_text_node_dist,confidence
GROUP,SVG,ICON,P,DIV,0.20238850911458334,0.09421000981354269,1,0,0,12.143310546875,0.08234986630209695,0.12581229573931477,0,0.05295952465559472,0.0,0,1.045756612326892,0.9372076988220215
type,prev_sibling_html_tag,child_1_html_tag,child_2_html_tag,predicted_tag,width,height,sibling_count,has_background_color,border_radius,aspect_ratio,child_1_percentage_of_parent,child_2_percentage_of_parent,distinct_background,center_of_weight_diff,is_verb,has_placeholder,nearest_text_node_dist,confidence
FRAME,,,,CARD,0.20625,0.8743866535819431,1,0,8.0,1.3333333333333333,0,0,0,0.0,0,0,0.5615569326849023,0.9119035601615906
type,prev_sibling_html_tag,child_1_html_tag,child_2_html_tag,predicted_tag,width,height,sibling_count,has_background_color,border_radius,aspect_ratio,child_1_percentage_of_parent,child_2_percentage_of_parent,distinct_background,center_of_weight_diff,is_verb,has_placeholder,nearest_text_node_dist,confidence
GROUP,ICON,ICON,P,DIV,0.025694444444444443,0.6666666666666666,4,0,0,2.3125,0.43243243243243246,0.4594594594594595,0,0.0016380016380001482,0.0,0,0.41140811825873047,0.7063118815422058
type,prev_sibling_html_tag,child_1_html_tag,child_2_html_tag,predicted_tag,width,height,sibling_count,has_background_color,border_radius,aspect_ratio,child_1_percentage_of_parent,child_2_percentage_of_parent,distinct_background,center_of_weight_diff,is_verb,has_placeholder,nearest_text_node_dist,confidence
GROUP,DIV,ICON,P,DIV,0.027083333333333334,0.6666666666666666,4,0,0,2.4375,0.41025641025641024,0.48717948717948717,0,0.004395604395604562,0.0,0,0.40072038380730807,0.9894812107086182
type,prev_sibling_html_tag,child_1_html_tag,child_2_html_tag,predicted_tag,width,height,sibling_count,has_background_color,border_radius,aspect_ratio,child_1_percentage_of_parent,child_2_percentage_of_parent,distinct_background,center_of_weight_diff,is_verb,has_placeholder,nearest_text_node_dist,confidence
GROUP,CARD,ICON,P,CARD,0.20219455295138888,0.09421000981354269,1,0,0,12.131673177083334,0.08242886083421656,0.3234187942453636,0,0.0511929816717813,0.0,0,0.6829501637623966,0.9824231863021851
type,prev_sibling_html_tag,child_1_html_tag,child_2_html_tag,predicted_tag,width,height,sibling_count,has_background_color,border_radius,aspect_ratio,child_1_percentage_of_parent,child_2_percentage_of_parent,distinct_background,center_of_weight_diff,is_verb,has_placeholder,nearest_text_node_dist,confidence
FRAME,,,,CARD,0.20625,1.0,0,0,8.0,1.3333333333333333,0,0,0,0.0,0,0,0.5673450127063498,0.91866534948349
type,prev_sibling_html_tag,child_1_html_tag,child_2_html_tag,predicted_tag,width,height,sibling_count,has_background_color,border_radius,aspect_ratio,child_1_percentage_of_parent,child_2_percentage_of_parent,distinct_background,center_of_weight_diff,is_verb,has_placeholder,nearest_text_node_dist,confidence
GROUP,ICON,ICON,P,DIV,0.025694444444444443,0.6666666666666666,4,0,0,2.3125,0.43243243243243246,0.4594594594594595,0,0.0016380016380001482,0.0,0,0.41140811825873047,0.7063118815422058
type,prev_sibling_html_tag,child_1_html_tag,child_2_html_tag,predicted_tag,width,height,sibling_count,has_background_color,border_radius,aspect_ratio,child_1_percentage_of_parent,child_2_percentage_of_parent,distinct_background,center_of_weight_diff,is_verb,has_placeholder,nearest_text_node_dist,confidence
GROUP,DIV,ICON,P,DIV,0.027083333333333334,0.6666666666666666,4,0,0,2.4375,0.41025641025641024,0.48717948717948717,0,0.004395604395604562,0.0,0,0.40072038380730807,0.9894812107086182
type,prev_sibling_html_tag,child_1_html_tag,child_2_html_tag,predicted_tag,width,height,sibling_count,has_background_color,border_radius,aspect_ratio,child_1_percentage_of_parent,child_2_percentage_of_parent,distinct_background,center_of_weight_diff,is_verb,has_placeholder,nearest_text_node_dist,confidence
GROUP,SVG,ICON,P,DIV,0.2023193359375,0.09421000981354269,1,0,0,12.13916015625,0.08237802180121476,0.3031968857961376,0,0.05630092903107277,0.0,0,0.7256704182771886,0.9244361519813538
type,prev_sibling_html_tag,child_1_html_tag,child_2_html_tag,predicted_tag,width,height,sibling_count,has_background_color,border_radius,aspect_ratio,child_1_percentage_of_parent,child_2_percentage_of_parent,distinct_background,center_of_weight_diff,is_verb,has_placeholder,nearest_text_node_dist,confidence
FRAME,,,,CARD,0.20625,1.0,0,0,8.0,1.3333333333333333,0,0,0,0.0,0,0,0.6269605627457129,0.9186583161354065
type,prev_sibling_html_tag,child_1_html_tag,child_2_html_tag,predicted_tag,width,height,sibling_count,has_background_color,border_radius,aspect_ratio,child_1_percentage_of_parent,child_2_percentage_of_parent,distinct_background,center_of_weight_diff,is_verb,has_placeholder,nearest_text_node_dist,confidence
GROUP,ICON,ICON,P,DIV,0.021527777777777778,0.6666666666666666,4,0,0,1.9375,0.5161290322580645,0.3548387096774194,0,0.011947431302272184,0.0,0,0.44946181523572526,0.6715831160545349
type,prev_sibling_html_tag,child_1_html_tag,child_2_html_tag,predicted_tag,width,height,sibling_count,has_background_color,border_radius,aspect_ratio,child_1_percentage_of_parent,child_2_percentage_of_parent,distinct_background,center_of_weight_diff,is_verb,has_placeholder,nearest_text_node_dist,confidence
GROUP,DIV,ICON,P,DIV,0.021527777777777778,0.6666666666666666,4,0,0,1.9375,0.5161290322580645,0.3548387096774194,0,0.011947431302272184,0.0,0,0.44946181523572526,0.9800626635551453
type,prev_sibling_html_tag,child_1_html_tag,child_2_html_tag,predicted_tag,width,height,sibling_count,has_background_color,border_radius,aspect_ratio,child_1_percentage_of_parent,child_2_percentage_of_parent,distinct_background,center_of_weight_diff,is_verb,has_placeholder,nearest_text_node_dist,confidence
GROUP,SVG,ICON,P,DIV,0.20393744574652778,0.09421000981354269,1,0,0,12.236246744791666,0.08172440625436456,0.13053203776738784,0,0.0797875679829879,0.0,0,1.0940066156766624,0.9510582089424133
type,prev_sibling_html_tag,child_1_html_tag,child_2_html_tag,predicted_tag,width,height,sibling_count,has_background_color,border_radius,aspect_ratio,child_1_percentage_of_parent,child_2_percentage_of_parent,distinct_background,center_of_weight_diff,is_verb,has_placeholder,nearest_text_node_dist,confidence
GROUP,DIV,CARD,CARD,DIV,0.9,0.25661042558549485,3,0,0,5.087340529931305,0.22916666666666666,0.22916666666666666,0,0.0,0,0,0.20902748655472672,0.9999873638153076
type,prev_sibling_html_tag,child_1_html_tag,child_2_html_tag,predicted_tag,width,height,sibling_count,has_background_color,border_radius,aspect_ratio,child_1_percentage_of_parent,child_2_percentage_of_parent,distinct_background,center_of_weight_diff,is_verb,has_placeholder,nearest_text_node_dist,confidence
GROUP,,DIV,DIV,DIV,1.0,0.3675490559052203,5,0,0,1.45051624276001,0.04566442790143908,0.5640896499622261,0,1.4897603980064863e-08,0,0,0.03861646591244099,0.9925196170806885
type,prev_sibling_html_tag,child_1_html_tag,child_2_html_tag,predicted_tag,width,height,sibling_count,has_background_color,border_radius,aspect_ratio,child_1_percentage_of_parent,child_2_percentage_of_parent,distinct_background,center_of_weight_diff,is_verb,has_placeholder,nearest_text_node_dist,confidence
GROUP,,ICON,P,DIV,0.058333333333333334,0.8571428571428571,2,0,0,3.5,0.2857142857142857,0.5158730158730159,0,0.004714757190004634,0.0,0,0.356570951816248,0.8506503701210022
type,prev_sibling_html_tag,child_1_html_tag,child_2_html_tag,predicted_tag,width,height,sibling_count,has_background_color,border_radius,aspect_ratio,child_1_percentage_of_parent,child_2_percentage_of_parent,distinct_background,center_of_weight_diff,is_verb,has_placeholder,nearest_text_node_dist,confidence
GROUP,P,P,P,DIV,0.041971842447916664,1.0,2,0,0,2.1585518973214284,0.09927290353853611,0.7941832283082889,0,0.04143372650401218,0.0,1,0.15143615625294896,0.9998272061347961
type,prev_sibling_html_tag,child_1_html_tag,child_2_html_tag,predicted_tag,width,height,sibling_count,has_background_color,border_radius,aspect_ratio,child_1_percentage_of_parent,child_2_percentage_of_parent,distinct_background,center_of_weight_diff,is_verb,has_placeholder,nearest_text_node_dist,confidence
GROUP,ICON,DIV,P,CARD,0.19543050130208334,0.10821256038647344,1,0,0,10.050711495535714,0.25584542672135585,0.1634568004053107,0,0.026483429435919588,0.5,0,0.4309011352716315,0.6595508456230164
type,prev_sibling_html_tag,child_1_html_tag,child_2_html_tag,predicted_tag,width,height,sibling_count,has_background_color,border_radius,aspect_ratio,child_1_percentage_of_parent,child_2_percentage_of_parent,distinct_background,center_of_weight_diff,is_verb,has_placeholder,nearest_text_node_dist,confidence
FRAME,,,,CARD,0.20625,1.0,0,0,8.0,1.3333333333333333,0,0,0,0.0,0,0,0.6106442104427027,0.9186603426933289
type,prev_sibling_html_tag,child_1_html_tag,child_2_html_tag,predicted_tag,width,height,sibling_count,has_background_color,border_radius,aspect_ratio,child_1_percentage_of_parent,child_2_percentage_of_parent,distinct_background,center_of_weight_diff,is_verb,has_placeholder,nearest_text_node_dist,confidence
GROUP,ICON,ICON,P,DIV,0.025694444444444443,0.6666666666666666,4,0,0,2.3125,0.43243243243243246,0.4594594594594595,0,0.0016380016380001482,0.0,0,0.41140811825873047,0.7063118815422058
type,prev_sibling_html_tag,child_1_html_tag,child_2_html_tag,predicted_tag,width,height,sibling_count,has_background_color,border_radius,aspect_ratio,child_1_percentage_of_parent,child_2_percentage_of_parent,distinct_background,center_of_weight_diff,is_verb,has_placeholder,nearest_text_node_dist,confidence
GROUP,DIV,ICON,P,DIV,0.027083333333333334,0.6666666666666666,4,0,0,2.4375,0.41025641025641024,0.48717948717948717,0,0.004395604395604562,0.0,0,0.40072038380730807,0.9894812107086182
type,prev_sibling_html_tag,child_1_html_tag,child_2_html_tag,predicted_tag,width,height,sibling_count,has_background_color,border_radius,aspect_ratio,child_1_percentage_of_parent,child_2_percentage_of_parent,distinct_background,center_of_weight_diff,is_verb,has_placeholder,nearest_text_node_dist,confidence
GROUP,SVG,ICON,P,DIV,0.20335422092013888,0.0927536231884058,1,0,0,12.201253255208334,0.0819587938290791,0.11098586664354461,0,0.049501266580622996,0.0,0,1.0515646012687017,0.946175217628479
type,prev_sibling_html_tag,child_1_html_tag,child_2_html_tag,predicted_tag,width,height,sibling_count,has_background_color,border_radius,aspect_ratio,child_1_percentage_of_parent,child_2_percentage_of_parent,distinct_background,center_of_weight_diff,is_verb,has_placeholder,nearest_text_node_dist,confidence
GROUP,ICON,ICON,P,DIV,0.025694444444444443,0.6666666666666666,4,0,0,2.3125,0.43243243243243246,0.4594594594594595,0,0.0016380016380001482,0.0,0,0.41140811825873047,0.7063118815422058
type,prev_sibling_html_tag,child_1_html_tag,child_2_html_tag,predicted_tag,width,height,sibling_count,has_background_color,border_radius,aspect_ratio,child_1_percentage_of_parent,child_2_percentage_of_parent,distinct_background,center_of_weight_diff,is_verb,has_placeholder,nearest_text_node_dist,confidence
GROUP,DIV,ICON,P,DIV,0.03125,0.6666666666666666,4,0,0,2.8125,0.35555555555555557,0.5555555555555556,0,0.009756097560976841,0.0,0,0.37305041518351656,0.993503749370575
type,prev_sibling_html_tag,child_1_html_tag,child_2_html_tag,predicted_tag,width,height,sibling_count,has_background_color,border_radius,aspect_ratio,child_1_percentage_of_parent,child_2_percentage_of_parent,distinct_background,center_of_weight_diff,is_verb,has_placeholder,nearest_text_node_dist,confidence
GROUP,ICON,ICON,P,DIV,0.20320841471354167,0.0927536231884058,1,0,0,12.1925048828125,0.0820176009451247,0.2819355032488661,0,0.04878973444996207,0.0,0,0.7734846110181924,0.8067266941070557
type,prev_sibling_html_tag,child_1_html_tag,child_2_html_tag,predicted_tag,width,height,sibling_count,has_background_color,border_radius,aspect_ratio,child_1_percentage_of_parent,child_2_percentage_of_parent,distinct_background,center_of_weight_diff,is_verb,has_placeholder,nearest_text_node_dist,confidence
GROUP,ICON,ICON,P,DIV,0.024305555555555556,0.6666666666666666,4,0,0,2.1875,0.45714285714285713,0.42857142857142855,0,0.001843317972348554,0.0,0,0.4229993268138208,0.6837644577026367
type,prev_sibling_html_tag,child_1_html_tag,child_2_html_tag,predicted_tag,width,height,sibling_count,has_background_color,border_radius,aspect_ratio,child_1_percentage_of_parent,child_2_percentage_of_parent,distinct_background,center_of_weight_diff,is_verb,has_placeholder,nearest_text_node_dist,confidence
GROUP,DIV,ICON,P,DIV,0.027083333333333334,0.6666666666666666,4,0,0,2.4375,0.41025641025641024,0.48717948717948717,0,0.004395604395604562,0.0,0,0.40072038380730807,0.9894812107086182
type,prev_sibling_html_tag,child_1_html_tag,child_2_html_tag,predicted_tag,width,height,sibling_count,has_background_color,border_radius,aspect_ratio,child_1_percentage_of_parent,child_2_percentage_of_parent,distinct_background,center_of_weight_diff,is_verb,has_placeholder,nearest_text_node_dist,confidence
GROUP,ICON,ICON,P,DIV,0.20302802191840277,0.0927536231884058,1,0,0,12.181681315104166,0.0820904745521533,0.2080765500801108,0,0.057638347198655945,0.0,0,0.9274728696958044,0.8435958027839661
type,prev_sibling_html_tag,child_1_html_tag,child_2_html_tag,predicted_tag,width,height,sibling_count,has_background_color,border_radius,aspect_ratio,child_1_percentage_of_parent,child_2_percentage_of_parent,distinct_background,center_of_weight_diff,is_verb,has_placeholder,nearest_text_node_dist,confidence
GROUP,DIV,CARD,CARD,DIV,0.9,0.09579785264716771,5,0,0,5.008695652173913,0.22916666666666666,0.22916666666666666,0,0.0,0,0,0.20329507352628395,0.9999948740005493
type,prev_sibling_html_tag,child_1_html_tag,child_2_html_tag,predicted_tag,width,height,sibling_count,has_background_color,border_radius,aspect_ratio,child_1_percentage_of_parent,child_2_percentage_of_parent,distinct_background,center_of_weight_diff,is_verb,has_placeholder,nearest_text_node_dist,confidence
GROUP,ICON,ICON,P,DIV,0.021527777777777778,0.6666666666666666,4,0,0,1.9375,0.5161290322580645,0.3548387096774194,0,0.01194743130227035,0.0,0,0.44946181523572526,0.6715831160545349
type,prev_sibling_html_tag,child_1_html_tag,child_2_html_tag,predicted_tag,width,height,sibling_count,has_background_color,border_radius,aspect_ratio,child_1_percentage_of_parent,child_2_percentage_of_parent,distinct_background,center_of_weight_diff,is_verb,has_placeholder,nearest_text_node_dist,confidence
GROUP,DIV,ICON,P,DIV,0.027083333333333334,0.6666666666666666,4,0,0,2.4375,0.41025641025641024,0.48717948717948717,0,0.004395604395604562,0.0,0,0.40072038380730807,0.9894812107086182
type,prev_sibling_html_tag,child_1_html_tag,child_2_html_tag,predicted_tag,width,height,sibling_count,has_background_color,border_radius,aspect_ratio,child_1_percentage_of_parent,child_2_percentage_of_parent,distinct_background,center_of_weight_diff,is_verb,has_placeholder,nearest_text_node_dist,confidence
GROUP,SVG,ICON,P,DIV,0.20219455295138888,0.09421000981354269,1,0,0,12.131673177083334,0.08242886083421656,0.1087603024895913,0,0.05913139778530363,0.0,0,1.061445057997143,0.9435710310935974
type,prev_sibling_html_tag,child_1_html_tag,child_2_html_tag,predicted_tag,width,height,sibling_count,has_background_color,border_radius,aspect_ratio,child_1_percentage_of_parent,child_2_percentage_of_parent,distinct_background,center_of_weight_diff,is_verb,has_placeholder,nearest_text_node_dist,confidence
GROUP,ICON,ICON,P,DIV,0.025694444444444443,0.6666666666666666,4,0,0,2.3125,0.43243243243243246,0.4594594594594595,0,0.0016380016380001482,0.0,0,0.41140811825873047,0.7063118815422058
type,prev_sibling_html_tag,child_1_html_tag,child_2_html_tag,predicted_tag,width,height,sibling_count,has_background_color,border_radius,aspect_ratio,child_1_percentage_of_parent,child_2_percentage_of_parent,distinct_background,center_of_weight_diff,is_verb,has_placeholder,nearest_text_node_dist,confidence
GROUP,DIV,ICON,P,DIV,0.027083333333333334,0.6666666666666666,4,0,0,2.4375,0.41025641025641024,0.48717948717948717,0,0.004395604395604562,0.0,0,0.40072038380730807,0.9894812107086182
type,prev_sibling_html_tag,child_1_html_tag,child_2_html_tag,predicted_tag,width,height,sibling_count,has_background_color,border_radius,aspect_ratio,child_1_percentage_of_parent,child_2_percentage_of_parent,distinct_background,center_of_weight_diff,is_verb,has_placeholder,nearest_text_node_dist,confidence
GROUP,ICON,ICON,P,DIV,0.20258314344618056,0.09421000981354269,1,0,0,12.154988606770834,0.08227074762068955,0.148544405426245,0,0.05595618371269108,0.0,0,1.0417819798245167,0.8599172234535217
type,prev_sibling_html_tag,child_1_html_tag,child_2_html_tag,predicted_tag,width,height,sibling_count,has_background_color,border_radius,aspect_ratio,child_1_percentage_of_parent,child_2_percentage_of_parent,distinct_background,center_of_weight_diff,is_verb,has_placeholder,nearest_text_node_dist,confidence
FRAME,,,,CARD,0.20625,1.0,0,0,8.0,1.3333333333333333,0,0,0,0.0,0,0,0.6062913768902333,0.9186608195304871
type,prev_sibling_html_tag,child_1_html_tag,child_2_html_tag,predicted_tag,width,height,sibling_count,has_background_color,border_radius,aspect_ratio,child_1_percentage_of_parent,child_2_percentage_of_parent,distinct_background,center_of_weight_diff,is_verb,has_placeholder,nearest_text_node_dist,confidence
GROUP,ICON,ICON,P,DIV,0.021527777777777778,0.6666666666666666,4,0,0,1.9375,0.5161290322580645,0.3548387096774194,0,0.011947431302268517,0.0,0,0.44946181523572526,0.6715831160545349
type,prev_sibling_html_tag,child_1_html_tag,child_2_html_tag,predicted_tag,width,height,sibling_count,has_background_color,border_radius,aspect_ratio,child_1_percentage_of_parent,child_2_percentage_of_parent,distinct_background,center_of_weight_diff,is_verb,has_placeholder,nearest_text_node_dist,confidence
GROUP,DIV,ICON,P,DIV,0.027083333333333334,0.6666666666666666,4,0,0,2.4375,0.41025641025641024,0.48717948717948717,0,0.004395604395604562,0.0,0,0.40072038380730807,0.9894812107086182
type,prev_sibling_html_tag,child_1_html_tag,child_2_html_tag,predicted_tag,width,height,sibling_count,has_background_color,border_radius,aspect_ratio,child_1_percentage_of_parent,child_2_percentage_of_parent,distinct_background,center_of_weight_diff,is_verb,has_placeholder,nearest_text_node_dist,confidence
GROUP,SVG,ICON,P,DIV,0.20480550130208333,0.09421000981354269,1,0,0,12.288330078125,0.08137802237100908,0.18366567549012466,0,0.0668437468212238,0.0,0,0.9861958689562499,0.9310920834541321
type,prev_sibling_html_tag,child_1_html_tag,child_2_html_tag,predicted_tag,width,height,sibling_count,has_background_color,border_radius,aspect_ratio,child_1_percentage_of_parent,child_2_percentage_of_parent,distinct_background,center_of_weight_diff,is_verb,has_placeholder,nearest_text_node_dist,confidence
FRAME,,,,CARD,0.20625,1.0,0,0,8.0,1.3333333333333333,0,0,0,0.0,0,0,0.5707718096218634,0.9186650514602661
type,prev_sibling_html_tag,child_1_html_tag,child_2_html_tag,predicted_tag,width,height,sibling_count,has_background_color,border_radius,aspect_ratio,child_1_percentage_of_parent,child_2_percentage_of_parent,distinct_background,center_of_weight_diff,is_verb,has_placeholder,nearest_text_node_dist,confidence
GROUP,ICON,ICON,P,DIV,0.021527777777777778,0.6666666666666666,4,0,0,1.9375,0.5161290322580645,0.3548387096774194,0,0.011947431302272184,0.0,0,0.44946181523572526,0.6715831160545349
type,prev_sibling_html_tag,child_1_html_tag,child_2_html_tag,predicted_tag,width,height,sibling_count,has_background_color,border_radius,aspect_ratio,child_1_percentage_of_parent,child_2_percentage_of_parent,distinct_background,center_of_weight_diff,is_verb,has_placeholder,nearest_text_node_dist,confidence
GROUP,DIV,ICON,P,DIV,0.027083333333333334,0.6666666666666666,4,0,0,2.4375,0.41025641025641024,0.48717948717948717,0,0.004395604395604562,0.0,0,0.40072038380730807,0.9894812107086182
type,prev_sibling_html_tag,child_1_html_tag,child_2_html_tag,predicted_tag,width,height,sibling_count,has_background_color,border_radius,aspect_ratio,child_1_percentage_of_parent,child_2_percentage_of_parent,distinct_background,center_of_weight_diff,is_verb,has_placeholder,nearest_text_node_dist,confidence
GROUP,SVG,ICON,P,DIV,0.20238884819878472,0.09421000981354269,1,0,0,12.143330891927084,0.08234972833234763,0.2916552878437312,0,0.05412958263652449,0.0,0,0.7500580860331826,0.9204000234603882
type,prev_sibling_html_tag,child_1_html_tag,child_2_html_tag,predicted_tag,width,height,sibling_count,has_background_color,border_radius,aspect_ratio,child_1_percentage_of_parent,child_2_percentage_of_parent,distinct_background,center_of_weight_diff,is_verb,has_placeholder,nearest_text_node_dist,confidence
GROUP,DIV,CARD,CARD,DIV,0.9,0.0943169196593854,5,0,0,5.087340529931305,0.22916666666666666,0.22916666666666666,0,0.0,0,0,0.20875922981554118,0.9999949932098389
type,prev_sibling_html_tag,child_1_html_tag,child_2_html_tag,predicted_tag,width,height,sibling_count,has_background_color,border_radius,aspect_ratio,child_1_percentage_of_parent,child_2_percentage_of_parent,distinct_background,center_of_weight_diff,is_verb,has_placeholder,nearest_text_node_dist,confidence
GROUP,,ICON,P,DIV,0.058333333333333334,0.8571428571428571,2,0,0,3.5,0.2857142857142857,0.5158730158730159,0,0.004714757190004634,0.0,0,0.356570951816248,0.8506503701210022
type,prev_sibling_html_tag,child_1_html_tag,child_2_html_tag,predicted_tag,width,height,sibling_count,has_background_color,border_radius,aspect_ratio,child_1_percentage_of_parent,child_2_percentage_of_parent,distinct_background,center_of_weight_diff,is_verb,has_placeholder,nearest_text_node_dist,confidence
GROUP,P,P,P,DIV,0.041971842447916664,1.0,2,0,0,2.1585518973214284,0.09927290353853611,0.7941832283082889,0,0.04143372650401218,0.0,1,0.15143615625294896,0.9998272061347961
type,prev_sibling_html_tag,child_1_html_tag,child_2_html_tag,predicted_tag,width,height,sibling_count,has_background_color,border_radius,aspect_ratio,child_1_percentage_of_parent,child_2_percentage_of_parent,distinct_background,center_of_weight_diff,is_verb,has_placeholder,nearest_text_node_dist,confidence
GROUP,ICON,DIV,P,CARD,0.19543050130208334,0.10821256038647344,1,0,0,10.050711495535714,0.25584542672135585,0.1634568004053107,0,0.026483429435919588,0.5,0,0.4309011352716315,0.6595508456230164
type,prev_sibling_html_tag,child_1_html_tag,child_2_html_tag,predicted_tag,width,height,sibling_count,has_background_color,border_radius,aspect_ratio,child_1_percentage_of_parent,child_2_percentage_of_parent,distinct_background,center_of_weight_diff,is_verb,has_placeholder,nearest_text_node_dist,confidence
FRAME,,,,CARD,0.20625,0.8608695652173913,1,0,8.0,1.3333333333333333,0,0,0,0.0,0,0,0.6028187762666002,0.9106020331382751
type,prev_sibling_html_tag,child_1_html_tag,child_2_html_tag,predicted_tag,width,height,sibling_count,has_background_color,border_radius,aspect_ratio,child_1_percentage_of_parent,child_2_percentage_of_parent,distinct_background,center_of_weight_diff,is_verb,has_placeholder,nearest_text_node_dist,confidence
GROUP,P,ICON,P,DIV,0.021527777777777778,0.6666666666666666,3,0,0,1.9375,0.5161290322580645,0.3548387096774194,0,0.011947431302268517,0.0,0,0.44946181523572526,0.8782995939254761
type,prev_sibling_html_tag,child_1_html_tag,child_2_html_tag,predicted_tag,width,height,sibling_count,has_background_color,border_radius,aspect_ratio,child_1_percentage_of_parent,child_2_percentage_of_parent,distinct_background,center_of_weight_diff,is_verb,has_placeholder,nearest_text_node_dist,confidence
GROUP,DIV,ICON,P,DIV,0.03125,0.6666666666666666,3,0,0,2.8125,0.35555555555555557,0.5555555555555556,0,0.009756097560976841,0.0,0,0.37305041518351656,0.9943337440490723
type,prev_sibling_html_tag,child_1_html_tag,child_2_html_tag,predicted_tag,width,height,sibling_count,has_background_color,border_radius,aspect_ratio,child_1_percentage_of_parent,child_2_percentage_of_parent,distinct_background,center_of_weight_diff,is_verb,has_placeholder,nearest_text_node_dist,confidence
GROUP,CARD,ICON,P,CARD,0.2030002170138889,0.0927536231884058,1,0,0,12.180013020833334,0.08210171847021408,0.19100052560778968,0,0.06475828270872568,0.0,0,0.9631141181781044,0.9782726764678955
type,prev_sibling_html_tag,child_1_html_tag,child_2_html_tag,predicted_tag,width,height,sibling_count,has_background_color,border_radius,aspect_ratio,child_1_percentage_of_parent,child_2_percentage_of_parent,distinct_background,center_of_weight_diff,is_verb,has_placeholder,nearest_text_node_dist,confidence
FRAME,,,,CARD,0.20625,0.8608695652173913,1,0,8.0,1.3333333333333333,0,0,0,0.0,0,0,0.6005375404001726,0.910602331161499
type,prev_sibling_html_tag,child_1_html_tag,child_2_html_tag,predicted_tag,width,height,sibling_count,has_background_color,border_radius,aspect_ratio,child_1_percentage_of_parent,child_2_percentage_of_parent,distinct_background,center_of_weight_diff,is_verb,has_placeholder,nearest_text_node_dist,confidence
GROUP,ICON,ICON,P,DIV,0.021527777777777778,0.6666666666666666,4,0,0,1.9375,0.5161290322580645,0.3548387096774194,0,0.011947431302268517,0.0,0,0.44946181523572526,0.6715831160545349
type,prev_sibling_html_tag,child_1_html_tag,child_2_html_tag,predicted_tag,width,height,sibling_count,has_background_color,border_radius,aspect_ratio,child_1_percentage_of_parent,child_2_percentage_of_parent,distinct_background,center_of_weight_diff,is_verb,has_placeholder,nearest_text_node_dist,confidence
GROUP,DIV,ICON,P,DIV,0.03125,0.6666666666666666,4,0,0,2.8125,0.35555555555555557,0.5555555555555556,0,0.009756097560976841,0.0,0,0.37305041518351656,0.993503749370575
type,prev_sibling_html_tag,child_1_html_tag,child_2_html_tag,predicted_tag,width,height,sibling_count,has_background_color,border_radius,aspect_ratio,child_1_percentage_of_parent,child_2_percentage_of_parent,distinct_background,center_of_weight_diff,is_verb,has_placeholder,nearest_text_node_dist,confidence
GROUP,CARD,ICON,P,CARD,0.20318739149305556,0.0927536231884058,1,0,0,12.191243489583334,0.08202608707261391,0.15095078523779643,0,0.057611963178089975,0.0,0,0.995662105473253,0.9769882559776306
type,prev_sibling_html_tag,child_1_html_tag,child_2_html_tag,predicted_tag,width,height,sibling_count,has_background_color,border_radius,aspect_ratio,child_1_percentage_of_parent,child_2_percentage_of_parent,distinct_background,center_of_weight_diff,is_verb,has_placeholder,nearest_text_node_dist,confidence
GROUP,ICON,ICON,P,DIV,0.025694444444444443,0.6666666666666666,4,0,0,2.3125,0.43243243243243246,0.4594594594594595,0,0.0016380016380001482,0.0,0,0.41140811825873047,0.7063118815422058
type,prev_sibling_html_tag,child_1_html_tag,child_2_html_tag,predicted_tag,width,height,sibling_count,has_background_color,border_radius,aspect_ratio,child_1_percentage_of_parent,child_2_percentage_of_parent,distinct_background,center_of_weight_diff,is_verb,has_placeholder,nearest_text_node_dist,confidence
GROUP,DIV,ICON,P,DIV,0.027083333333333334,0.6666666666666666,4,0,0,2.4375,0.41025641025641024,0.48717948717948717,0,0.004395604395604562,0.0,0,0.40072038380730807,0.9894812107086182
type,prev_sibling_html_tag,child_1_html_tag,child_2_html_tag,predicted_tag,width,height,sibling_count,has_background_color,border_radius,aspect_ratio,child_1_percentage_of_parent,child_2_percentage_of_parent,distinct_background,center_of_weight_diff,is_verb,has_placeholder,nearest_text_node_dist,confidence
GROUP,SVG,ICON,P,DIV,0.20227084689670138,0.0927536231884058,1,0,0,12.136250813802084,0.08239776973484589,0.20885545800846353,0,0.055471110116077485,0.0,0,0.9226867710015948,0.9209386110305786
type,prev_sibling_html_tag,child_1_html_tag,child_2_html_tag,predicted_tag,width,height,sibling_count,has_background_color,border_radius,aspect_ratio,child_1_percentage_of_parent,child_2_percentage_of_parent,distinct_background,center_of_weight_diff,is_verb,has_placeholder,nearest_text_node_dist,confidence
GROUP,DIV,CARD,CARD,DIV,0.9,0.09579785264716771,5,0,0,5.008695652173913,0.22916666666666666,0.22916666666666666,0,0.0,0,0,0.2050088132037095,0.9999948740005493
type,prev_sibling_html_tag,child_1_html_tag,child_2_html_tag,predicted_tag,width,height,sibling_count,has_background_color,border_radius,aspect_ratio,child_1_percentage_of_parent,child_2_percentage_of_parent,distinct_background,center_of_weight_diff,is_verb,has_placeholder,nearest_text_node_dist,confidence
FRAME,DIV,P,,BUTTON,0.17254861195882162,0.014809329877823029,5,1,8.0,6.211750030517578,0.19921922065767486,0,0,0.0004023034034585442,0.5,0,0.0011029835228551334,0.9997279047966003
type,prev_sibling_html_tag,child_1_html_tag,child_2_html_tag,predicted_tag,width,height,sibling_count,has_background_color,border_radius,aspect_ratio,child_1_percentage_of_parent,child_2_percentage_of_parent,distinct_background,center_of_weight_diff,is_verb,has_placeholder,nearest_text_node_dist,confidence
GROUP,P,P,P,DIV,0.16944444444444445,0.7872526124418942,2,0,0,12.2,0.3729508196721312,0.2459016393442623,0,0.039124416458582244,0.5,0,1.0450614642979095,0.9694442749023438
type,prev_sibling_html_tag,child_1_html_tag,child_2_html_tag,predicted_tag,width,height,sibling_count,has_background_color,border_radius,aspect_ratio,child_1_percentage_of_parent,child_2_percentage_of_parent,distinct_background,center_of_weight_diff,is_verb,has_placeholder,nearest_text_node_dist,confidence
GROUP,,SVG,P,CARD,0.5166666666666667,0.04913889001370399,7,0,0,29.28579718283846,0.1397849359819966,0.09099962993279959,0,0.051216091972305956,0.0,0,0.09665233819549357,0.7123735547065735
type,prev_sibling_html_tag,child_1_html_tag,child_2_html_tag,predicted_tag,width,height,sibling_count,has_background_color,border_radius,aspect_ratio,child_1_percentage_of_parent,child_2_percentage_of_parent,distinct_background,center_of_weight_diff,is_verb,has_placeholder,nearest_text_node_dist,confidence
GROUP,,P,P,DIV,0.5097222222222222,1.0,2,0,0,7.978260869565218,0.21679895746949412,0.02221300793744817,0,0.10371009733888402,0.0,1,0.051989232026159245,0.999988317489624
type,prev_sibling_html_tag,child_1_html_tag,child_2_html_tag,predicted_tag,width,height,sibling_count,has_background_color,border_radius,aspect_ratio,child_1_percentage_of_parent,child_2_percentage_of_parent,distinct_background,center_of_weight_diff,is_verb,has_placeholder,nearest_text_node_dist,confidence
GROUP,CARD,DIV,P,INPUT,0.5097222222222222,0.17794970986460348,7,0,0,7.978260869565218,1.0,0.0376140267740789,0,0.00902883960313292,0.3333333333333333,0,0.051989232026159245,0.5426130890846252
type,prev_sibling_html_tag,child_1_html_tag,child_2_html_tag,predicted_tag,width,height,sibling_count,has_background_color,border_radius,aspect_ratio,child_1_percentage_of_parent,child_2_percentage_of_parent,distinct_background,center_of_weight_diff,is_verb,has_placeholder,nearest_text_node_dist,confidence
GROUP,INPUT,P,P,INPUT,0.2951388888888889,0.06963249516441006,7,0,0,11.805555555555555,0.16993464052287582,0.06535947712418301,0,0.05815835194837425,0.3333333333333333,1,0.3021705073427164,0.9152255654335022
type,prev_sibling_html_tag,child_1_html_tag,child_2_html_tag,predicted_tag,width,height,sibling_count,has_background_color,border_radius,aspect_ratio,child_1_percentage_of_parent,child_2_percentage_of_parent,distinct_background,center_of_weight_diff,is_verb,has_placeholder,nearest_text_node_dist,confidence
GROUP,INPUT,P,P,DIV,0.30972222222222223,0.03868471953578337,7,0,0,22.3,0.23094170403587444,0.17488789237668162,0,0.041033867651066584,0.0,1,0.6156736873301079,0.9999626874923706
type,prev_sibling_html_tag,child_1_html_tag,child_2_html_tag,predicted_tag,width,height,sibling_count,has_background_color,border_radius,aspect_ratio,child_1_percentage_of_parent,child_2_percentage_of_parent,distinct_background,center_of_weight_diff,is_verb,has_placeholder,nearest_text_node_dist,confidence
FRAME,,CARD,INPUT,DIV,0.9,0.821939586645469,1,0,0,2.506769825918762,0.02820936278564488,0.10078324617331709,0,0.1756164902086352,0,0,0.07548404318826517,0.995514452457428
type,prev_sibling_html_tag,child_1_html_tag,child_2_html_tag,predicted_tag,width,height,sibling_count,has_background_color,border_radius,aspect_ratio,child_1_percentage_of_parent,child_2_percentage_of_parent,distinct_background,center_of_weight_diff,is_verb,has_placeholder,nearest_text_node_dist,confidence
GROUP,P,P,P,BUTTON,0.12954847547743056,0.8333333333333334,2,0,0,9.327490234375,0.3805954132138389,0.5306893789883106,0,0.007305958289235197,0.5,0,0.7168229973181198,0.7152734398841858
type,prev_sibling_html_tag,child_1_html_tag,child_2_html_tag,predicted_tag,width,height,sibling_count,has_background_color,border_radius,aspect_ratio,child_1_percentage_of_parent,child_2_percentage_of_parent,distinct_background,center_of_weight_diff,is_verb,has_placeholder,nearest_text_node_dist,confidence
GROUP,DIV,P,BUTTON,DIV,0.9000003390842014,0.03815580286168521,1,0,0,54.000020345052086,0.14467587141781224,0.11995224691549661,0,0.013664072376180761,0.0,1,1.0451582604312033,1.0
type,prev_sibling_html_tag,child_1_html_tag,child_2_html_tag,predicted_tag,width,height,sibling_count,has_background_color,border_radius,aspect_ratio,child_1_percentage_of_parent,child_2_percentage_of_parent,distinct_background,center_of_weight_diff,is_verb,has_placeholder,nearest_text_node_dist,confidence
FRAME,BUTTON,DIV,DIV,DIV,1.0,0.2328767123287671,5,1,0,2.289348171701113,0.7397456279809221,0.03434023551354663,0,7.521278888589222e-09,0,0,0.0528458964425427,0.9996658563613892
type,prev_sibling_html_tag,child_1_html_tag,child_2_html_tag,predicted_tag,width,height,sibling_count,has_background_color,border_radius,aspect_ratio,child_1_percentage_of_parent,child_2_percentage_of_parent,distinct_background,center_of_weight_diff,is_verb,has_placeholder,nearest_text_node_dist,confidence
GROUP,,DIV,DIV,DIV,1.0,1.0,0,0,0,0.533135875601629,0.3675490559052203,0.08621806738245094,0,7.239042550584902e-10,0,0,0.04316146975154134,0.9635694026947021
